Date,Country,Inflation Rate (%),GDP Growth Rate (%),Unemployment Rate (%),Interest Rate (%),Stock Index Value,Agriculture,Industry,Services,Exchange Rate,FDI,Govt Spending
2010-01-31,Brazil,1.23,0.69,10.48,7.71,21748.85,19.546937804668957,37.03300533259289,44.38812268155864,104.40208518733037,8.766324150266938,16.558590671031318
2010-01-31,France,6.76,2.59,4.27,7.39,10039.56,5.259321137772398,19.810375636615255,53.01618783482626,87.95574986186831,7.400849086820004,13.017891357115978
2010-01-31,USA,7.46,4.84,2.64,6.39,13129.1,18.377559653452472,17.741784408164673,32.51284735596984,77.87562544126257,7.5930994693672105,20.421106935326357
2010-02-28,Brazil,5.43,0.31,8.26,6.09,23304.58,19.567561771011444,31.316077532486265,53.39066593157687,90.8843449729192,2.9916608889213085,12.1695521949935
2010-02-28,Canada,0.69,-0.52,11.92,-0.51,16413.03,14.47480926077577,14.88067758666384,50.50203089900229,120.39480315054996,2.0607047865538393,19.95794092382892
2010-02-28,Canada,6.1,9.9,11.8,8.38,17977.64,17.675295382906214,12.350064363050443,58.92164782245615,113.58903167823956,3.023552729825497,27.266601940618223
2010-02-28,Japan,8.61,4.43,11.28,6.11,25259.54,10.960455204761988,25.806703459161387,30.614436724548924,119.86018304362499,7.890535612238885,18.017478577515227
2010-02-28,USA,3.13,4.82,9.32,-0.66,10638.13,5.217510321943466,39.49136014905317,56.44950726882119,72.82060040308181,3.1567612108385723,11.348073564841943
2010-03-31,Germany,0.05,-4.78,3.31,3.85,38146.22,5.6569155865023095,11.760201656848317,66.25827920783783,103.22970115175374,1.9314842598265014,15.655426384191728
2010-03-31,USA,7.2,-1.48,4.1,8.22,6067.71,13.29717519842166,26.676052223110226,62.31783093118767,140.53066733002953,3.0696724836452334,14.730348351611205
2010-04-30,China,8.68,5.86,10.77,9.89,10505.45,14.329310898542937,13.929584955446375,39.36675554051576,52.36329263638613,8.2402110394033,17.637729588663976
2010-04-30,Germany,8.84,-2.87,4.82,3.99,25382.99,5.214478576913265,35.612804359636144,32.69062754088121,144.07962694281403,6.830656145180088,22.958130099793088
2010-04-30,UK,3.1,3.15,11.92,4.52,17208.55,12.354692065321249,33.39470273017599,34.01185011511634,124.37268639286938,5.303366553070292,16.42100716054804
2010-05-31,France,5.69,-4.86,3.61,8.79,12514.43,5.176794204399383,37.36863903162606,46.4226093569255,98.53270113341429,3.4704899504050646,26.441499497045868
2010-05-31,India,8.76,4.08,10.4,5.56,24026.81,11.10831608922761,38.74603682312433,62.689786821751404,136.0810184164142,5.804284394748785,27.335462527500344
2010-05-31,Japan,9.09,3.62,10.06,7.29,16897.68,13.764268776911015,24.031483671540812,63.662037944458305,143.11150937972508,3.585308155842718,29.67338748700362
2010-06-30,France,8.38,-4.76,6.41,2.34,37646.41,12.58902805784323,20.40371730226095,68.96834138691489,115.73624255433032,6.683520970871656,24.784055792830806
2010-06-30,USA,5.56,0.87,4.54,3.34,2104.14,8.788271052287836,27.231261200799178,66.78237234887894,83.9310166053667,5.5017648763896165,21.8545300755149
2010-07-31,France,6.7,2.82,7.62,-0.66,8465.68,16.1125337575358,25.398611629715106,52.445863511358255,98.67583172264384,9.037739067872348,21.927739973489203
2010-08-31,Australia,4.65,7.97,11.48,3.57,34435.05,11.530489228616306,35.64662232777995,43.440984064685665,81.04694856218768,5.8060840981051705,27.048506138164818
2010-08-31,Canada,2.78,1.28,7.99,5.56,19780.42,13.71316799949336,32.02229727061831,32.996209924195895,148.91734211867285,7.927699519506312,15.2064104030025
2010-08-31,China,0.62,9.61,5.79,2.06,10880.93,6.0971085016588855,34.920803093782645,67.19789508639546,79.76690779899873,5.3146667222485355,11.655004717662717
2010-08-31,India,2.77,8.04,3.26,5.42,21504.49,11.742373922616817,27.475574810430512,50.04823601627563,144.46296905336027,7.6666021973718905,14.76042133575492
2010-08-31,India,8.79,9.14,8.14,8.57,31618.81,15.754315190120918,36.53083836754858,53.2001128868644,66.94408398133842,1.2771395928243923,17.116054874891145
2010-09-30,Australia,9.13,4.8,6.86,-0.55,1017.27,18.399813528724266,28.438708083268118,42.9225012277316,50.866869074683244,3.0491213796564733,14.63996860358492
2010-09-30,Canada,5.27,-3.96,3.51,8.37,16636.73,11.874255490004087,38.6507677905014,37.97632170601176,64.7692887765512,9.816271107546473,26.81202616570461
2010-09-30,France,7.95,4.26,9.88,2.67,9010.65,11.897349034587666,33.65808652935697,31.15110518552852,54.81139874239743,7.4867433298435735,12.295587608537144
2010-10-31,Brazil,8.57,5.37,7.67,0.68,29564.14,15.835837888163256,32.42456211476802,56.30929392102287,60.7065604457915,3.0535053097740135,17.932249274438263
2010-11-30,Brazil,9.81,2.15,4.68,6.04,10652.89,6.226002071551617,34.45215765554484,50.36892277345577,106.57302451353924,4.4187270305798485,26.991062325327004
2010-12-31,Canada,9.89,-1.48,4.78,4.78,2858.01,13.625925015081549,10.323321361854168,64.57486517980877,84.1674114043769,6.027002760764785,26.416192873194753
2010-12-31,China,9.59,9.11,6.96,1.28,2203.46,17.42980252763844,28.3511766524762,56.21043367494139,101.05793085892552,1.7347486912144334,14.01933355008758
2010-12-31,China,1.61,0.57,2.82,-0.33,5457.15,12.513580889035254,27.2009603862554,52.78034427529961,129.1704286148205,5.050847315839902,24.57046955703664
2010-12-31,UK,9.68,5.21,6.88,4.8,23440.97,17.36750554903336,26.569218428599992,36.94454330700219,104.39140769186216,6.432300534733702,13.367920444247448
2011-01-31,India,6.96,7.33,8.56,9.23,35513.61,5.847558739344658,35.77506201438628,41.650445304424636,89.5867128449645,6.7891164533843495,10.657602520575695
2011-01-31,UK,5.66,-3.45,3.78,3.35,32903.04,8.48755282167566,37.167229012836735,48.334371286329734,121.60136937845003,5.784099810339085,13.309879527672049
2011-01-31,USA,0.09,-1.82,11.92,-0.06,31674.37,16.476550862749335,19.00850967738684,49.00221350150165,120.7176021459356,4.312431740440452,29.80330452068428
2011-02-28,Canada,0.33,-4.69,3.14,8.13,35891.07,11.066704611412398,39.33669123783771,62.195665201890044,132.5093987493736,9.889100205732666,11.612749644767955
2011-02-28,UK,4.68,4.09,7.44,6.02,2073.25,11.159708870700543,37.704324707881995,41.80453598818634,64.7256062395117,9.332461598436577,25.94417970402339
2011-03-31,Australia,8.82,2.65,11.05,3.57,31575.51,8.2051020878103,21.55811264100105,63.134152816464656,129.55427609107602,1.2761748631653913,24.627407070518508
2011-03-31,Brazil,3.34,4.03,3.08,1.38,33746.73,10.639042982897312,18.153097472912265,34.013985386588,113.33764762077615,1.8843821097094946,16.531926023878846
2011-03-31,France,2.88,7.37,6.51,5.85,20431.2,9.838709599576028,13.318513040216821,33.93084139527886,115.91123408650917,8.461845102077913,17.845838550672966
2011-03-31,France,2.27,-4.39,10.99,9.22,34353.07,19.88620140124484,28.19948578421778,63.35163776416677,119.96867674484083,4.757962122625156,10.044868087541234
2011-03-31,India,8.37,4.83,11.78,8.12,9919.08,12.844180837500549,20.051157718327985,63.50083970565519,94.30869219049836,3.4186710521356534,14.650707086411645
2011-03-31,UK,3.36,1.7,8.78,5.38,8939.56,15.740501077308013,25.13816233155711,57.09760462855395,94.44003730951911,8.225570069816122,21.243616014359986
2011-04-30,Brazil,2.53,7.77,11.66,3.05,14446.48,6.1969067134342115,28.44458400046128,67.41508408209062,74.46219380032127,5.38263694372729,13.818597321088228
2011-04-30,Germany,7.15,6.88,5.3,1.63,11436.43,16.929764380583684,16.033207770684985,32.44870654699683,121.04159796228977,8.65900021870292,26.254969664820596
2011-05-31,Japan,9.89,5.14,5.72,6.01,25471.98,17.611724837028277,32.433235705543424,42.315608339168634,100.53457050838554,1.8939682624541334,14.282358243559507
2011-05-31,UK,2.73,9.93,10.57,8.53,14882.87,13.126501922459427,29.709385241721932,35.63820925679349,108.1837387597376,5.041704886372161,15.928094405691468
2011-06-30,France,4.66,8.08,10.96,6.94,32522.74,8.06223784825822,20.284537844643182,40.925775586197055,109.32025564847403,8.267510246321066,10.92456140991587
2011-06-30,Japan,5.25,1.64,3.66,1.08,32872.84,16.413674118712585,38.13181858703446,36.3563604580993,149.9958783557157,4.705599376818306,26.15816346022601
2011-07-31,Brazil,7.54,3.63,6.08,9.02,18288.95,14.02884384495461,33.0290690178279,47.34140506968403,120.69102355815079,2.4995907329071567,12.77910288779429
2011-08-31,China,8.94,0.74,10.23,8.63,16500.48,10.921853841341997,18.585823583770747,47.025537704151446,115.91671114737132,0.9618694948238744,11.414224128183436
2011-09-30,Australia,4.15,-0.06,2.69,2.26,32515.09,17.74326760611812,10.17363891479507,52.687129928203255,58.69443761495031,8.719820919184883,22.18265007494727
2011-09-30,Australia,0.89,-2.38,10.62,8.56,24219.03,6.654890141153313,37.44585134304281,43.36910422852696,80.49108508331831,9.056656695925321,26.10539727776233
2011-09-30,Brazil,1.09,-2.32,4.55,1.41,7789.19,7.3400075079917855,37.22612365331262,33.52150730573554,63.375762643757994,5.317195215245066,23.514229660722066
2011-09-30,China,1.39,9.66,11.88,4.22,21379.05,19.48393595432023,26.48515944934382,42.161580195148204,128.65571309815823,7.588118764926241,28.655057447788273
2011-09-30,Japan,1.23,4.18,6.12,4.85,31150.47,14.782147085797082,31.222741242067176,44.80272685393611,93.68837411626612,2.735067896714628,27.279355017457526
2011-09-30,UK,0.18,-0.81,6.07,4.29,12134.84,18.689061621676203,33.88012694383871,60.625894535489266,129.21736336140043,7.3382730093694155,11.109593009111782
2011-10-31,Brazil,4.67,6.5,10.72,3.41,15557.13,11.056329828781593,38.504008327301825,34.68186166265649,119.37058485589978,4.046992022173317,29.738852497425416
2011-10-31,Brazil,1.59,-4.73,9.08,3.79,17166.13,6.449632270796164,12.308209020053868,36.812354916350436,116.81549083388967,1.6474578008544443,24.74671645029113
2011-10-31,France,1.86,3.3,2.69,-0.67,18871.15,5.660437386693692,37.41685723515282,65.84904840446823,96.39345600547023,6.965879861191743,27.050789872592162
2011-11-30,China,9.1,-2.33,2.46,1.28,17153.84,9.578857937441171,27.047385924359173,34.404926534045885,128.0308449363766,3.2861429555519903,23.479288690837286
2011-11-30,USA,7.71,7.44,10.99,2.63,33296.56,9.794788727877407,33.09360783320323,51.106362037363596,101.49459071407726,3.5655248256090233,21.49143321494708
2011-12-31,Brazil,4.63,3.89,7.98,4.14,27156.35,6.87643105588379,34.28597761794353,51.11583967608042,125.82816651176893,8.646816519701982,13.595821551538197
2011-12-31,China,5.34,1.99,5.2,3.94,17823.85,14.866010439911832,38.76712156455972,35.10289627733719,129.7002959298576,4.673932882592216,19.39155153848037
2011-12-31,France,5.63,1.07,5.4,4.84,14091.28,14.090218116165714,19.164337596810327,65.87185062009243,64.26854109985482,2.983569325200021,18.478471939693684
2011-12-31,Japan,3.44,4.74,11.37,9.67,20542.43,13.443149607866102,11.50527692255684,58.65461216776532,87.65522898141093,9.124197183719483,29.736953570450495
2011-12-31,USA,0.47,0.06,5.57,9.08,29836.92,18.889256792113567,16.112125109967945,49.68939926048042,130.46863213054553,1.3274766998104457,28.855617866240117
2012-01-31,Canada,2.6,7.48,8.13,7.61,20996.33,13.158173070299668,28.596934137774433,61.61349973861634,55.55097416699678,3.518526034504371,12.316183364053142
2012-02-29,Canada,9.32,4.52,3.22,9.3,9398.43,17.580436171952073,21.538700809502448,60.64502255978194,58.89327256377431,5.417103534079885,10.17620474135011
2012-03-31,Australia,0.67,-2.17,8.95,4.85,15106.7,9.444427711423257,37.308338851153415,56.319140960715096,54.95908850956117,6.8599870783859975,23.925834689533872
2012-03-31,Australia,9.1,2.09,8.6,8.26,10731.45,11.052531692871522,19.80744465720347,51.00307573301744,67.8341602074842,1.3673286698162301,16.426180633606936
2012-03-31,Brazil,9.11,6.73,9.5,4.84,29202.0,16.271068821794696,10.811238212512553,65.359252474219,143.91645822506524,3.3217517800697594,11.4092703614702
2012-03-31,China,0.45,3.03,3.62,5.04,1078.72,16.861366987852623,26.52741019759986,38.683961524166335,128.0325852895536,2.1113875027190887,26.23236322050239
2012-04-30,Brazil,2.18,3.7,3.04,3.89,22156.37,13.36763227325741,22.8222096604862,55.783691229124095,69.11608638414336,7.700064175742503,19.610130116440907
2012-04-30,Brazil,9.56,-1.91,9.51,3.58,24878.07,16.303372715893474,26.03965781624812,54.07980082590609,75.18522049556645,1.4936194507568823,13.806057254812245
2012-04-30,Germany,6.45,-1.19,4.25,9.94,6834.46,9.222958409661011,37.53999656020397,32.84098534817089,122.9700373719516,3.4881034526374997,28.174757681921832
2012-04-30,Japan,5.57,3.98,10.12,3.07,18940.09,19.97000201120508,17.2544704871919,55.42477340730301,113.87840866243067,8.271066419818087,19.360765513371568
2012-04-30,Japan,4.85,2.2,5.88,0.43,14141.62,17.793514729921853,31.380233972078745,68.91649072390535,79.03915650736903,9.421633702952175,24.675188004392766
2012-05-31,France,8.26,-1.82,8.21,5.28,16007.34,8.156886688099313,26.102197325661997,35.56349067109193,72.97042129425384,6.870169511353494,18.496115234643796
2012-05-31,USA,7.8,-2.3,8.63,9.18,24775.61,10.033086071966753,37.664510252742375,34.70455323717756,63.95357589394517,3.235266941851037,20.346058709270018
2012-05-31,USA,5.58,-4.03,2.25,6.97,39236.99,13.862625405487163,29.709268147180723,32.94356532938068,87.32583422991604,8.955036433801707,25.92825947306214
2012-06-30,Germany,3.92,-0.32,11.47,-0.63,5565.58,7.537747558313969,12.28119762298733,45.00179922886226,107.86512617668896,5.222308183973419,17.23824953793475
2012-06-30,USA,6.91,-3.11,7.99,0.67,1806.18,6.6187140648288345,26.51821443625282,50.37758372330366,119.75058321221864,9.10065199453291,21.473115484729068
2012-08-31,Germany,7.34,6.82,11.01,0.15,34742.54,7.5578622141774545,23.268209849985137,67.72118176803657,139.42258539530224,6.8180752583398565,25.72196669475782
2012-08-31,USA,7.48,-1.54,5.64,9.34,8956.96,9.821863557739466,25.227331551541987,31.27708183464872,125.86079342799339,9.903448418201776,16.52424314476583
2012-09-30,Australia,5.23,7.77,9.94,6.34,22581.78,18.161039652157896,10.702453246784494,48.771864962639405,65.33189065125681,8.751200338462729,28.892850020349915
2012-09-30,Brazil,0.31,6.74,2.68,5.67,22113.41,18.191892342564305,35.434281346559956,61.669350118902955,60.88210916044233,7.735446721544721,12.283766755510237
2012-09-30,Canada,8.07,1.63,10.8,0.82,31182.34,10.397802510674058,30.651147347728223,42.95776378121509,63.23061324795538,1.422432121049811,19.125907865724677
2012-09-30,Germany,0.09,6.91,4.16,-0.93,27901.38,11.50024060099674,29.527726825906544,36.97631575914122,65.61442335770408,1.7363311542159843,24.58926161013835
2012-09-30,India,5.95,0.99,10.77,7.35,25805.66,10.321344714130966,23.033577929574964,66.1109283964334,113.29462765346472,1.2675804975951008,16.261393942267777
2012-09-30,Japan,7.97,1.28,8.59,2.47,8943.02,14.133936869082127,32.807709296096206,52.68917755051575,140.81621758072063,1.2356398594095632,16.86934475254838
2012-10-31,Germany,4.46,-1.51,5.82,4.0,13425.75,9.41639260235747,38.875794762998616,35.9683613589219,55.58342950580193,2.6827624759072046,16.37154920902102
2012-10-31,USA,4.42,-1.57,2.74,9.31,25750.93,5.280846671256137,20.262133159617875,63.09398826535618,137.2351231213629,0.5594500879653257,29.430517593734535
2012-11-30,Australia,6.01,-0.88,5.91,8.04,15568.64,12.390657053888727,28.322851222551197,60.26940322503249,76.99452312101981,5.3850357267550315,24.03999282287179
2012-11-30,China,6.33,9.23,5.75,3.17,37309.39,10.122084604024558,22.18757568156594,57.488773169476694,52.23483544195591,6.011488261692426,17.30624645687292
2012-11-30,Germany,2.2,-1.95,2.95,5.05,25782.3,10.242186950260521,15.691530004000153,50.89841154255596,135.2938508261637,8.948592948443403,27.358769044454515
2012-11-30,Germany,4.33,-1.01,5.41,4.47,38106.24,7.995027989702925,20.876424875923245,31.124526388132967,53.025094373692674,8.15322193727966,26.935637190015086
2012-12-31,Brazil,1.09,2.12,2.29,1.8,31684.01,15.5770573374757,22.375684820727702,66.98842388771916,51.88940409276594,2.8181580822679755,10.179914826155578
2012-12-31,Brazil,0.72,0.8,4.39,3.31,1521.34,17.153959577754733,23.419943064094575,46.0648700028792,65.64590258177144,5.562747320957897,24.610305262272085
2012-12-31,France,1.14,-3.67,2.02,3.56,35945.59,18.714968113729856,27.256206307435136,61.70442504059194,149.6660320826655,8.32852841108353,16.556943390400583
2013-01-31,Canada,1.2,4.05,2.94,0.32,25072.71,10.325905440874958,33.0471371067719,50.813657260856154,79.55640639727628,5.239026289107316,24.632665601087066
2013-01-31,Germany,1.15,-2.08,5.93,6.09,27424.1,12.1364397946864,12.72046695202171,31.248780885784523,84.16505533379814,1.0670238791706435,21.641398759168098
2013-01-31,India,4.06,-2.81,10.15,9.41,19068.45,5.611643120652061,35.5445252219688,44.36440735922315,118.06882852732565,5.911486144713274,22.050843458458722
2013-02-28,China,8.4,4.38,9.84,2.13,16318.96,16.32227764293537,29.362009260370062,47.04950666158811,113.77374383355665,9.180913258692094,24.92005541362615
2013-02-28,India,4.74,-0.55,6.35,-0.62,22800.24,18.925691604847632,33.288232383665516,51.03660896194362,86.63743717028154,0.5201629926785427,16.467745198591494
2013-02-28,Japan,8.53,1.36,9.58,0.68,18576.77,14.074231093659765,19.45116561894888,53.81445709726954,125.37195420768667,2.5306510138389515,22.905907260480255
2013-03-31,Canada,8.68,-2.44,4.18,5.02,31787.86,15.981555393647636,12.002616843773517,64.9680859201405,113.75294302768093,4.852404978885547,26.471381836913817
2013-03-31,France,1.84,7.4,3.78,7.61,3023.92,13.924144862822198,32.67624728410728,66.29639883320789,99.88415247977099,9.137788914180542,24.756836334194794
2013-03-31,France,3.29,9.42,6.85,3.15,17566.09,15.673357636848516,32.270175315530956,36.31069958863533,71.61440264659316,1.8662399217454655,12.662062669954464
2013-03-31,UK,6.39,-3.37,11.75,4.24,37476.59,19.597005206594627,32.00731120717271,59.61462492623254,121.89666013652459,2.8471821213349537,18.28456198603744
2013-04-30,China,5.87,9.88,9.48,9.9,38296.48,14.339397016809425,10.248098083656016,42.92281798639082,123.14127277288806,6.522426065743387,10.506803817995596
2013-05-31,Australia,7.65,6.64,7.4,9.01,17672.57,7.808643181670572,32.46117271950504,65.31340162759676,140.2124193895046,3.833933686936866,12.881381469017102
2013-05-31,UK,8.87,3.83,7.58,-0.86,35300.37,17.392704030601337,14.570673924091786,69.6586804502679,54.643153776810685,9.439874675976885,24.56915433377481
2013-06-30,Brazil,3.63,3.37,10.42,0.16,18061.8,5.030384553106791,31.6470048062238,42.555630653154395,69.92412072473411,5.163028072104735,25.682024096262747
2013-06-30,Japan,6.93,6.2,2.47,2.43,1772.03,19.765110284968635,11.151536791072111,62.580981533586886,76.58979393556623,1.7588077926532213,13.16983718109218
2013-07-31,India,0.35,-3.67,11.88,3.65,14839.57,16.446252887393353,39.57341767087294,65.29181468322207,64.60958844184165,4.455496421615692,22.676088128637186
2013-07-31,India,6.07,4.44,2.65,9.42,37391.96,19.258930526933064,32.86027359919939,68.23197867096043,106.94709000545676,0.6270375392347605,24.956695588377976
2013-08-31,Canada,8.0,-4.56,10.79,0.7,35216.87,17.452511413291766,39.34554498949646,35.48493320394613,123.03539051114396,8.699407418155635,28.118538620191366
2013-08-31,Canada,2.48,-2.02,11.56,2.71,18124.73,5.090082354993236,18.840987712576897,50.52327269588246,133.0439103800057,8.644784210210954,20.501371386047893
2013-08-31,China,1.32,0.14,2.53,-0.03,17164.32,11.670977708470584,29.749259953806696,60.38440645154433,72.03224576210415,4.437689997315138,17.80241707425279
2013-09-30,Canada,0.76,4.49,8.85,4.13,6608.76,19.313405554010163,39.169269746453715,43.795171429461995,65.33704376161856,9.870726802855806,12.477710161241262
2013-09-30,Canada,7.42,-4.74,10.74,3.07,16824.3,16.203008840042635,34.95301308943044,49.566231642128955,141.8100867230234,8.200310524236837,16.629777234079448
2013-10-31,Canada,0.65,1.69,5.97,4.09,37514.42,7.535583814443341,32.51536599900895,65.83117790016118,74.08602247811501,1.6185680742577928,19.9990041290773
2013-10-31,India,0.37,6.59,4.76,3.42,26934.79,5.820462644844889,16.16763768285677,62.16424993178186,56.26518327434242,3.5158557279761076,14.751609070715869
2013-10-31,UK,3.26,4.69,6.64,6.59,27477.01,18.98249175861568,31.20313346584246,54.21771818557413,123.26244758835762,6.9441439706889865,27.97812436767761
2013-11-30,Australia,0.84,4.42,5.15,9.72,1448.21,9.0411368707288,33.17223239000291,37.68412335443844,121.95666012716592,6.171571922652597,29.429038895365995
2013-11-30,Australia,8.4,6.31,8.28,6.29,17754.74,19.917435674552628,25.878241100643773,40.96456826245649,100.25941952615224,7.021495872620642,24.93320098066663
2013-12-31,Brazil,7.31,-2.04,3.28,4.8,4272.86,5.562765840658127,25.756309715260187,30.77693936437526,57.10781549338311,7.3413004855575394,22.47009525313743
2013-12-31,Canada,4.55,8.94,11.8,7.73,31609.61,6.003071879719585,32.885673974850086,43.805612781173906,121.76405739205308,6.039000881518828,19.21554750383762
2013-12-31,Canada,0.38,0.41,6.6,6.5,7712.31,7.934691066991826,28.316175307696614,54.50427103848592,98.452690842148,3.3721383768826607,17.239403251935293
2013-12-31,Germany,0.66,3.91,6.79,8.43,14606.71,16.059483550722252,38.576432960414806,39.248552814666795,99.89082512966073,5.651631193415882,28.453195342095515
2013-12-31,Japan,3.78,6.89,4.21,4.83,30319.11,16.3215435710352,30.605369636355537,38.01447133536283,58.89888132333678,4.450370383170549,28.31463157308996
2013-12-31,Japan,5.89,4.48,2.94,6.92,1260.6,8.446044131268932,13.094680884715366,42.1475743622683,61.6373472026535,0.9162985587146533,21.75453357673436
2013-12-31,USA,9.63,-0.04,8.58,6.1,14751.5,7.676488387847781,30.742419902220767,36.28328300816159,90.46072800362062,4.5720579402939885,26.828385842755317
2014-01-31,Canada,3.32,6.76,2.83,-0.51,38446.54,7.197644642465889,30.94153178429499,40.34967924481428,138.19913110084923,9.233643739385496,20.426899227753193
2014-01-31,Germany,6.99,0.19,9.19,1.05,21865.99,18.088372993433985,17.503706703298594,38.53948427320168,111.11310373066983,8.723192410611485,23.047031885148414
2014-01-31,India,9.04,3.96,9.98,5.1,2969.07,9.28662659899714,30.747485339992387,44.636366648366234,54.77201395062299,9.520144481747337,24.7449873993068
2014-02-28,France,9.76,9.41,5.89,2.53,3250.41,15.41485451444373,20.65623043097397,43.41109311641894,79.3852206300839,1.7578251575388733,12.5421516448404
2014-02-28,France,2.81,-2.44,5.23,0.28,24197.33,8.295715913831799,29.434498572395047,69.92771016221661,120.26510913315039,2.6233456604417684,21.572365698043534
2014-03-31,Brazil,5.89,-1.47,2.18,-0.76,23758.72,10.505084799219834,13.875310710259068,67.08984991982615,50.70266049997698,3.2474516241774527,23.309807286021744
2014-03-31,France,6.04,2.19,4.55,1.84,32385.37,5.08461882335238,33.18087897310642,61.090219423840665,91.26396276497698,3.9606313382609803,24.212348855172237
2014-03-31,France,2.51,-4.74,4.36,6.45,18503.73,15.764800776711546,36.56578536268391,48.96362075502398,113.53981024255425,1.2212161847369287,13.150952437040173
2014-03-31,UK,6.08,-2.54,9.82,0.82,24519.51,12.31530851447683,22.84099275660324,63.474112907799,56.65972158482706,4.773689912277398,10.532090355316281
2014-03-31,UK,8.68,4.13,5.14,3.24,34533.13,5.1703400111705315,31.047633067896417,51.02776476174137,128.6911622109635,8.943668065316025,19.104558344352768
2014-04-30,Canada,7.74,-3.16,5.85,9.75,13093.3,7.071925477443733,19.03726294343287,38.15032839786501,118.33449462028027,8.472778773621485,16.699155885101966
2014-04-30,France,3.54,4.01,8.38,7.98,14439.56,5.343369368847464,34.164069500475804,57.46524736133563,136.5436330734337,6.822433441453961,10.75147199301316
2014-04-30,Germany,0.87,7.71,4.76,5.62,20559.1,11.856727422718656,28.20465590553956,58.91128663590737,64.7459811091509,0.8549368857837838,10.184874350962719
2014-04-30,UK,1.16,5.82,3.67,4.15,5363.34,5.265044167271762,36.86019148986725,60.946321240607034,127.01334843074915,3.6837479568454037,11.395635829444032
2014-05-31,Australia,0.05,8.1,6.36,7.04,24354.97,9.110300363506667,24.535382740532647,38.52951061564576,87.56899234033705,9.855601031573714,15.144906919014765
2014-05-31,Brazil,1.62,1.57,2.56,-0.58,31504.68,10.231131148858722,35.45460899941357,40.498582302952926,142.1447539172783,0.9706391582499252,10.63230861536084
2014-05-31,Japan,5.28,0.76,2.54,4.86,9770.72,17.80900758822018,22.21766997332935,57.13743299334658,102.93636329679839,8.752269804402829,26.970771600260054
2014-05-31,UK,3.74,4.19,6.62,3.36,28234.14,5.41905817696401,34.499572330367904,69.38225526898216,78.27264373575,5.008873405059344,17.97943447578305
2014-05-31,USA,5.78,3.14,7.21,1.82,6998.47,15.839593071247238,14.571955265602083,41.80097214425821,87.43093183804521,2.809951609303809,13.415472808775332
2014-06-30,Brazil,3.65,5.76,5.38,-0.01,31625.48,14.330043696050955,15.179874632518594,67.39384495828426,100.48679372790777,2.8719023886230763,17.03611153418049
2014-06-30,Germany,5.15,5.04,5.63,6.87,18097.01,12.53852530387131,16.10107418907655,60.541894559252526,68.7899461451629,0.9695061134239529,23.298925343801635
2014-06-30,Japan,3.97,-3.64,9.0,8.98,13167.38,16.802430191726376,12.09227465358285,31.53447469612732,71.96995358727372,4.046063595700248,12.236562256888824
2014-06-30,Japan,9.61,7.38,9.4,6.92,17356.19,16.281056342300822,31.949917857426474,60.76238608023198,111.50848579822426,8.922989929639979,24.998823649186708
2014-06-30,USA,1.84,6.52,6.96,8.77,16066.6,15.295755695682045,39.66511129884462,30.48034502992188,144.74224633011536,4.765222569940681,26.976139810477964
2014-06-30,USA,3.97,2.71,8.71,0.53,34043.6,10.65224233105506,19.966852288937062,64.27251492053084,144.74737842118896,4.607437976553164,23.935849498452388
2014-06-30,USA,1.85,-4.96,10.47,5.04,21154.81,7.57828576999534,25.957157345106793,35.26543051990956,122.90354425107371,2.800625346825895,12.309163815435507
2014-07-31,China,7.44,5.87,11.76,7.03,31592.41,14.020817009398215,33.52192221051509,64.93447977449193,67.62174879886794,3.9932129773955265,23.615310113768526
2014-07-31,France,5.6,2.99,8.82,6.5,37037.05,11.807486326385092,39.46120839414423,36.73087764132549,103.9592432581199,9.78566137095138,16.835992847754408
2014-09-30,UK,9.62,9.72,2.93,0.53,12048.89,19.39509543877049,22.380797451800692,58.50322310448334,90.28863363573711,5.790085504394984,24.015118463304617
2014-10-31,Brazil,9.08,-3.0,11.71,7.37,28193.74,8.202100611720004,13.175609104244545,33.859349521473234,145.62570246313697,2.5766056958505574,11.820196827142285
2014-10-31,France,1.66,4.91,10.31,5.32,10049.55,18.198200508735617,39.05822776479935,65.74357158528542,135.1508604883221,9.415561886940479,12.424156017628597
2014-10-31,India,2.39,-1.59,4.44,7.48,25880.22,11.504768525484131,38.92143812695886,43.37894316835578,56.56866509083409,2.1768471842374737,24.200753461417886
2014-10-31,Japan,9.3,0.13,3.13,-0.97,33512.08,5.546218088995596,25.11280857312846,59.93126773787594,123.08359421395578,3.397020858621669,27.940792358902787
2014-10-31,Japan,8.52,-3.17,5.9,-0.54,15567.29,16.034817922219837,33.31900507604331,44.7035262646966,136.99028290749305,9.831655508448712,28.81229478917359
2014-10-31,UK,4.91,-3.95,10.97,5.53,39854.23,8.586570441604742,35.19100528948271,54.44678134174398,105.149258646047,0.957191779904347,22.534948124418147
2014-10-31,UK,1.74,-0.29,11.04,6.8,10940.41,15.399006432114176,27.164300805017398,34.078941235014014,135.26431387868197,4.443682921267273,12.673538717822058
2014-11-30,India,4.94,7.46,2.63,8.14,8027.63,16.794186923400638,32.31395360545578,53.20993412348635,94.81340820569841,7.351894979172423,26.037211378014554
2014-11-30,UK,3.11,2.21,7.15,3.96,30779.58,14.469517307851989,12.297941930007559,32.57052633962508,74.78838092389807,0.5972443520880326,13.028529925752446
2014-12-31,Germany,5.87,-2.57,6.74,6.89,16707.81,7.538195131083514,11.17048015140168,43.79769091123776,129.06641790358515,7.615353423809972,17.93485335042923
2014-12-31,India,0.49,-4.98,3.3,8.29,15948.09,9.535977743912397,14.504536137495787,68.08487371319364,53.6228063263821,3.380683025957095,13.196164786959127
2014-12-31,India,8.2,-2.57,7.77,6.12,8842.85,10.257686531955752,11.937405204889263,62.10652690008313,57.12072874833058,3.0801922947239526,28.053522683854798
2014-12-31,USA,5.56,-3.93,2.86,7.39,35241.4,14.217472420821457,17.900776910656635,45.08198564161197,61.672058810310794,5.009480223363195,13.388832844024448
2015-01-31,China,2.59,-1.15,7.53,1.07,37623.23,7.398869610089811,25.11627946011081,35.91601328498116,89.52224213945148,6.054720230235442,13.791056511159505
2015-02-28,Canada,1.66,8.47,2.59,7.1,35032.8,6.28695456867003,26.401484359784813,40.40962798398893,133.17145697510685,6.7884551092704974,21.21260131824548
2015-02-28,France,1.41,5.04,9.42,7.38,21110.72,19.40161074502759,12.134720329927461,40.27599974320583,71.20531737241697,2.2496896507707183,13.71041593216854
2015-02-28,Germany,6.99,-0.15,7.1,3.12,9599.05,16.834205333970782,32.34797982429389,58.148269875610566,82.94256262956382,2.151956262029393,22.044004306308608
2015-02-28,Japan,2.66,9.68,3.22,0.95,7711.48,7.613508598874823,37.51097829297869,67.84843496989289,100.9527686430919,4.447757678642509,18.140186419170984
2015-02-28,Japan,4.22,8.78,3.73,0.66,34168.39,10.320556230444293,34.637323102978755,37.385621903920075,78.68506795735253,5.642174214220456,19.945387381014623
2015-03-31,Germany,8.31,-4.49,7.02,9.69,3024.14,14.186700782129291,10.144338369092722,33.35373547103973,124.58534490145414,5.35771399161519,21.603754985903965
2015-03-31,Germany,1.79,8.99,9.63,1.66,37057.88,13.274932460310445,39.11649771405553,64.23081609338573,125.45296626048683,1.6740020570203162,25.454652657555656
2015-03-31,India,1.57,-2.61,10.19,4.24,31707.56,17.294593170405584,23.14608895656903,46.920096398263695,130.15141622639177,2.686493401333399,19.250536817411522
2015-03-31,USA,8.67,3.89,9.43,8.48,22235.72,5.447703643886115,19.106805571372668,46.73895899658242,143.9409732507254,7.127766689502926,25.78911502762185
2015-04-30,Canada,2.06,3.9,8.67,8.7,15702.44,12.297190504679081,38.372573833600825,37.2615632429531,115.97807252696974,8.479163864106631,21.290024664757183
2015-05-31,Canada,9.91,-3.2,4.1,1.01,21030.83,11.96579874031699,11.58995485082483,53.86080159870303,70.64616240140288,9.812679932433007,27.261357167154546
2015-05-31,China,7.53,0.59,2.92,7.98,17774.01,19.965354026879368,11.93466106486975,52.85722258513712,99.67384341136813,5.4473372853514626,21.929899850387443
2015-05-31,UK,4.62,4.28,7.25,0.8,37859.45,9.06165284870907,21.588578775949333,54.133917269190114,133.61442359921796,7.782550040644344,15.531373619130186
2015-06-30,France,5.12,5.29,6.02,8.19,39982.21,17.729334419023377,37.84832638633405,61.277952546102355,55.39226058661693,9.72595262169235,22.50845021878607
2015-06-30,India,8.64,-1.14,11.88,9.99,14010.66,10.223693487234325,24.705383588589093,40.90928925738871,75.31360664270137,5.645900599341525,15.130370326204094
2015-07-31,India,9.96,4.6,3.69,8.85,9937.71,12.395655416594249,24.960856765909185,39.365539884593254,119.8355892931496,1.5991348006811876,25.5138293328713
2015-07-31,UK,5.18,0.15,6.48,3.43,32480.38,15.743378458102466,26.321547115252063,32.41879802371147,113.24162743163667,7.127695901197889,20.78593597016818
2015-07-31,USA,1.85,-2.15,9.38,8.97,1863.52,10.309111102646252,11.351784206116582,43.263060552944914,127.15375302321557,7.2439273470223,18.023703401178636
2015-08-31,Australia,9.55,-0.24,5.77,-0.36,25020.56,10.896288512922176,38.82520199959487,67.06375578546454,108.95540566725506,8.560507358057958,10.168234079839056
2015-08-31,Australia,0.7,3.9,8.64,6.68,22434.64,15.540875754752607,33.46959348371031,69.7250438183257,103.99392658513192,5.379079211041621,11.999857831710008
2015-09-30,Germany,3.52,-0.07,9.06,9.44,28541.53,16.069617697825716,22.68732330933011,60.623615750775464,66.19268261679485,5.083267491929891,27.73217821884709
2015-09-30,India,0.01,-5.0,3.27,1.0,19011.9,18.541949084725125,27.724857927927985,67.4517630279926,126.17490810051363,5.688669535123463,18.72489782025597
2015-09-30,Japan,2.98,2.27,7.59,5.25,20085.68,19.96430551813923,38.74675957194329,32.96730775957384,90.19449687872356,5.5178475697835045,12.919976699597754
2015-09-30,Japan,9.65,4.27,4.84,8.89,35384.84,12.013253940332817,35.44733211014224,36.32562759832291,107.39049069191401,8.72551694310548,26.623027867760555
2015-09-30,USA,2.0,7.72,10.77,5.4,7510.31,10.791071428610623,29.799001107059624,61.03241488889317,114.63486105381581,3.99020773426071,14.471044122328188
2015-10-31,Brazil,1.89,-1.41,6.2,5.07,6631.12,5.481162185574568,19.493304072735175,39.47958498918041,142.21645009487708,7.978917069402428,23.241269251271188
2015-10-31,France,0.02,3.19,2.57,4.75,38499.02,18.950926993377024,22.92445179866351,53.13191785205325,60.752627887268396,8.207434644901191,29.926655390249298
2015-11-30,India,4.71,5.32,3.67,0.62,11586.1,12.327199263337459,10.132643253860037,65.77312957034773,117.71269179939911,5.871352290811733,16.758942202404832
2015-11-30,Japan,8.97,1.2,6.88,3.26,33988.13,17.949480793182232,39.16211984047728,57.38239484637731,70.56650428156823,0.5263721765019482,13.873875523352401
2015-12-31,China,9.12,-0.17,3.06,3.92,38167.78,7.84684066160298,21.751942661616745,49.30084811838924,133.21719608351336,6.740124964719775,14.888795272396138
2015-12-31,UK,8.05,-1.44,10.81,3.32,33243.12,9.840036136352337,18.31026756410838,57.95746191884906,76.36993101544519,0.7892806839008463,26.181291866028204
2016-01-31,China,8.64,2.05,11.6,6.9,7937.64,9.00423944008131,21.776216366240867,59.5166060851959,100.10917434103689,1.3932639097812813,15.53115037503348
2016-02-29,UK,5.98,7.51,10.69,7.91,20332.45,14.110124524066098,11.682900527954411,69.26614823996582,58.53904822411705,8.48845866998646,25.72360916023314
2016-03-31,Canada,7.26,7.32,2.38,8.4,36856.11,17.139713120016296,37.214268627864556,54.20557193722296,113.09958261803457,8.992912039650168,10.631537028112195
2016-03-31,Canada,4.41,-3.15,2.22,-0.24,36674.51,15.301200237947233,33.52316299377337,50.632969432928334,147.4135243616936,6.880632225395813,23.659784387635735
2016-03-31,India,6.83,-3.01,8.02,-0.66,11491.77,5.845418683441263,21.850081640060232,69.60882055488926,128.31454737806507,7.773337838537139,10.288058481329811
2016-03-31,UK,7.49,4.88,4.72,0.98,19137.15,5.030142227932864,16.06542315267027,38.73145775116469,121.33268338013646,2.6703269827206086,16.69381623649704
2016-04-30,France,9.44,0.47,10.26,2.76,12541.77,13.068542460188711,30.869324452029876,38.590934716503156,112.66776730505879,4.449021716378901,29.783990412186533
2016-08-31,Brazil,4.72,4.81,11.89,6.16,30226.23,6.000318244585447,32.341126537800164,33.399795329613305,52.510199959168716,2.378563337344291,10.99509775280419
2016-09-30,Australia,2.13,7.61,5.76,8.9,4538.15,16.30254187338766,27.638666756781596,33.726681884373164,146.73800254206913,8.541289062962413,24.17089380581305
2016-09-30,Australia,9.84,-2.76,3.65,1.53,31283.08,6.844984165384844,30.728025656833662,37.95031392549394,83.49123606597348,6.240160183896325,17.000537281821547
2016-09-30,France,5.52,4.94,3.06,1.49,10957.05,19.20976542983974,27.86506181048902,33.15118320982135,113.13774984683005,8.587793371719092,25.827966250639278
2016-09-30,USA,9.16,-0.23,4.03,7.04,30824.05,12.880171439748956,32.13441001854579,55.00632950172303,58.30231413012397,7.619732744584275,27.113472588430707
2016-10-31,Australia,2.94,-0.74,7.58,8.02,6778.94,10.604933297409222,26.643367665196877,57.1541967819941,114.92285083253779,7.772282804143326,26.959444560432473
2016-10-31,Canada,7.59,-2.77,5.71,9.96,34176.53,19.105532732473414,26.941008497668484,56.08042572512282,63.2889348642359,6.298970144213378,29.460172784113315
2016-10-31,India,0.0,-3.32,4.26,2.37,24613.82,14.220476708896813,35.16743962154041,48.850621705298636,83.84767623056833,5.602588531848895,13.116700547361486
2016-12-31,Brazil,9.01,2.98,6.87,5.68,30399.36,14.714965002677067,30.170168161899756,57.27265142309584,132.35294033598046,4.557214671864875,10.220721642736299
2016-12-31,China,0.34,-3.78,3.57,7.8,38239.03,19.342492768565172,24.791997614215983,62.218274092726574,57.27462646123056,1.5964803505235317,28.45692664703717
2016-12-31,Japan,6.62,6.9,7.45,8.73,22363.6,19.430897289381523,23.673118306151338,53.84510743570776,139.01162489213172,9.11198764867424,19.808799002978432
2016-12-31,Japan,0.91,-2.35,4.85,1.25,30400.74,18.65954222316583,38.27463348005027,47.979825610351114,113.6383332899768,7.180629748550687,12.913470208438742
2017-01-31,Australia,1.31,1.46,6.5,6.43,21743.67,18.087169373297336,18.96452579112485,51.89287352955693,126.18561930888075,6.025508756944806,10.660741445532924
2017-02-28,Canada,1.06,0.71,2.87,8.45,20477.84,19.549744568273944,21.790548812627733,64.63203775451981,83.78518518328329,0.7958515879111814,24.905300590573013
2017-02-28,France,5.27,-2.12,11.82,6.06,29155.24,10.722782663973806,21.524777080949903,48.4091257213032,83.57900078552649,7.970531446211195,20.332047947455067
2017-02-28,Germany,1.82,0.96,3.81,4.37,5888.9,7.595936502985541,11.158155447117004,32.51015024000277,92.22315349408939,7.690845409515685,14.66099320934932
2017-02-28,Japan,0.35,1.85,9.33,-0.09,26505.77,7.677320179878478,29.96896695255824,56.97297411742531,94.5202134601681,8.173049897262562,21.418801165355653
2017-02-28,UK,5.21,7.97,8.52,4.48,36695.03,11.652244118322596,12.842919373917052,66.50813203022375,141.98150289017156,6.95775948008129,28.69075736274551
2017-03-31,UK,9.54,-0.67,7.86,0.46,19817.52,12.504575159163716,32.51144485317125,34.962515068083405,66.11456904972908,0.7477402394495056,15.230016775807167
2017-04-30,Japan,0.77,9.03,11.71,2.06,38162.98,6.985299798519559,36.11520766854905,62.60225468200181,99.15912067637879,0.9755866957341643,20.941105256738393
2017-04-30,USA,5.93,-4.38,9.46,-0.46,7867.72,7.721708977647012,36.931207780194505,42.72692607805125,123.74622164576266,8.867649401865934,11.594732673136205
2017-04-30,USA,8.01,1.56,5.42,3.44,30761.23,14.048043213250283,15.38684171916174,40.68213402252487,95.18328409026074,7.86694973728826,28.055250873506367
2017-05-31,China,9.18,-4.35,3.25,-0.98,10586.49,12.454389939352431,29.505537549416122,36.112191158406,111.77891727287142,3.1977074111893247,24.084726861664574
2017-05-31,Japan,8.37,3.96,6.24,6.43,31472.6,17.379882653668275,28.903154202371617,30.026426682228614,98.38040580747264,7.624170616557832,22.82255575769664
2017-05-31,Japan,8.22,9.05,2.18,5.33,21342.38,8.014153066322162,19.8896688576041,31.7685552422154,72.86069426050278,3.1180177603039594,24.435987818870597
2017-05-31,USA,2.72,2.69,11.65,-0.26,36246.55,12.988130044048546,15.47471891121708,37.19775287172216,71.28118924070571,4.351336423741696,21.030037379087357
2017-06-30,Australia,2.48,-0.02,11.2,8.59,36153.94,10.430757024916026,29.480455106474096,51.84961829077153,84.35045540507987,1.3074015766996312,23.678436710213617
2017-06-30,Australia,8.25,7.96,9.56,5.16,1393.53,5.489954183192152,18.74076018019062,50.241547529884606,69.62799408504267,6.027939459171184,24.233903249712604
2017-06-30,Australia,5.88,1.46,5.15,1.43,37464.78,10.930839688010352,33.37835597787081,32.35843805619612,69.76213172214048,9.147654093123858,25.101662999963985
2017-06-30,France,1.5,-3.09,3.71,-0.51,24842.13,16.219342704217404,31.413235181450034,54.00573551093184,116.47697492684019,3.543918645264569,15.515169815251697
2017-06-30,Germany,9.62,6.39,2.13,6.98,27408.94,9.525124564714021,11.728767696999903,55.59212562456356,67.19441646962144,6.603728712254235,16.738854377132885
2017-06-30,India,9.75,7.16,8.4,2.9,35539.17,13.207808675199034,23.460953150262306,41.37430063270634,80.59343342378929,9.524651302554842,21.447012419872525
2017-06-30,USA,7.71,4.1,4.33,9.44,29958.7,7.429829834412942,27.946866153235025,66.16332487769786,117.76377820699953,8.737970400947273,13.15820765278339
2017-08-31,Brazil,3.11,1.05,2.44,6.29,20292.33,10.399139488423767,27.5729982859459,60.079320705910625,113.06112374148479,3.11199090386497,20.9475821213852
2017-08-31,Germany,5.3,9.1,5.22,7.51,11485.02,7.613540720939198,16.699366060196645,63.04013001250511,57.17657321150107,7.182680727081456,23.13680324040947
2017-08-31,Germany,7.89,2.19,9.59,8.22,22581.83,15.96315632130963,38.699181534562506,36.60166722216622,139.78061143885435,3.358101415244902,13.83034024384935
2017-08-31,UK,6.62,5.07,3.11,4.23,9042.48,18.480284329700506,29.255616078700307,39.97805061618514,136.9136917103238,9.574588371274878,13.696200039862184
2017-09-30,Canada,4.69,4.04,11.73,2.65,1516.79,16.308767316471418,36.945377846105316,35.17038362741125,129.02978681432447,7.073478051564773,20.366403114154693
2017-09-30,China,4.24,-3.76,10.89,4.2,25825.01,6.020328475654182,11.237646234896532,69.76010522603586,141.83457307367416,9.843311213060979,15.597155245694625
2017-09-30,China,3.84,8.58,9.57,6.93,9372.05,9.873603042747368,30.227185767497726,51.90853547190501,63.09340575483252,4.595803545250117,25.629242456791882
2017-09-30,France,9.68,1.67,4.25,5.19,28862.02,10.227925000197514,22.10780078742932,46.93591423855495,81.97290319821897,4.140362847320285,27.205711605441277
2017-09-30,Germany,8.77,-3.69,7.43,6.95,23705.15,17.89111823466329,14.276120309620765,44.48270453330363,148.7268577750356,5.817377020357043,21.95278321541779
2017-09-30,USA,6.8,-1.35,6.45,2.32,27256.61,9.941782490335253,18.51509269640481,48.0429006621643,52.1357450416029,9.53227260287535,11.496941746486906
2017-10-31,UK,7.73,4.29,7.33,5.03,29884.42,18.0400742040581,27.1949687085746,63.20393642231658,74.6621809899586,4.567552396644887,12.223718300920154
2017-10-31,USA,1.93,3.1,3.06,7.11,28805.44,14.407275650679328,18.738693437905738,49.34032170107184,51.20471510640272,6.899755746595509,11.56323025174456
2017-11-30,Australia,9.57,-1.03,5.12,0.74,20423.58,8.252898798602853,21.174387466963022,55.71676231930474,125.85157745253618,8.776253100825471,14.395012854796423
2017-11-30,India,6.25,3.97,8.36,7.15,33752.83,8.704346031676536,17.860016824825603,67.7528951143837,102.92095284823051,1.5275757646953645,24.029788399896674
2017-11-30,USA,6.52,-1.01,11.11,6.59,30827.24,17.132143153656646,27.687248601690023,48.80812044542189,140.39736275143179,5.963578710617999,16.16896286204291
2017-12-31,Canada,7.24,-2.39,7.99,-0.34,9263.88,9.834517741757372,13.520812304589484,41.10601607140467,101.1008955996833,9.205991545785531,22.086830494502195
2017-12-31,France,3.45,9.8,3.25,1.51,8453.63,10.831495724961824,35.93333085250484,65.93253902486254,114.7603918430607,9.474721863976498,20.46218923925247
2017-12-31,France,4.04,-3.3,9.34,5.41,5759.19,6.101783714866179,15.518058473550589,31.882469607510334,105.74814659014841,6.118797043613433,10.004814388766395
2017-12-31,France,6.48,-3.8,3.29,1.94,36238.78,5.3953490627861855,34.01708192834417,57.86039533064948,54.14822560756547,5.665182094365339,23.94230830478902
2017-12-31,Germany,5.21,9.27,2.36,3.88,32840.02,9.858393240745045,21.92834505482395,33.528839880249194,71.255981107877,6.031570526662179,12.61301718242163
2017-12-31,India,5.34,1.75,6.7,6.25,16979.83,8.298725761572758,31.850763481632963,67.40160167969461,140.3259951998807,3.155723192802569,20.61814900866556
2017-12-31,UK,3.63,-1.53,8.43,4.85,29537.26,19.32998126619887,26.917481191993595,47.864354706207735,92.33729435701494,8.789627558262401,22.769057064973236
2018-01-31,Australia,1.24,-1.55,7.6,1.36,18514.31,8.587292389321806,36.93752560050243,51.27301924403208,145.6111807462235,3.0788527705613067,10.607233385002726
2018-01-31,USA,0.76,3.23,9.8,2.33,19808.31,11.280498941859452,15.482034374552553,42.644190490239616,102.54886674058689,3.527815658048381,21.063583439220373
2018-02-28,Brazil,5.44,-3.61,9.6,5.98,32189.03,14.677571372275791,38.31137074733944,52.275763987461715,109.86858222751803,0.6952582361939408,26.346735374023144
2018-02-28,India,7.05,4.15,2.5,0.03,22088.65,15.077051555494737,10.599629649695046,41.0440094778116,81.70434662549647,7.318295655207257,15.564898587928809
2018-03-31,Australia,2.31,0.12,3.96,2.19,9598.86,8.3792149872945,29.727728421111454,32.63951759922476,123.90576532343285,1.3654532238999442,12.809723172359531
2018-03-31,Australia,9.41,2.43,11.07,4.8,19889.43,17.403772079845776,38.471919298616655,49.84064073694638,149.9438335523438,8.2634199246639,28.34421289252147
2018-03-31,Canada,8.26,4.68,8.43,8.7,29970.17,11.810528977654835,39.691467128990425,64.22599810518957,103.79689863855822,8.098109973924768,25.4216006727659
2018-03-31,France,5.2,8.77,4.27,0.15,22664.32,6.556474516824668,24.362341420889084,61.07247439125378,123.2815438141434,6.377784476967751,20.075957903583195
2018-03-31,Germany,7.45,2.85,8.24,7.06,15876.2,16.55925263195989,24.138794662050522,31.396081915458502,139.42647771322166,2.59955223475195,12.677109841628624
2018-03-31,India,3.24,1.74,8.15,2.74,2770.73,14.83967116391519,35.93602584771887,49.66823746944124,105.48796981241358,9.895102731797712,13.029592130938925
2018-03-31,India,3.26,5.11,2.04,-0.43,16942.31,15.597390563161774,25.18328320627076,41.82553507247977,65.6357581179596,6.878620445005415,20.8927979015889
2018-03-31,USA,0.52,5.73,8.2,1.82,16236.6,5.625084784454028,36.323557478409526,55.16284935059186,146.049977610118,4.5856209638948,26.239384798572438
2018-03-31,USA,7.35,6.32,9.25,6.43,24286.74,6.12070064757258,27.81992456906845,44.387199315681315,61.52797988338986,8.628801546171736,22.480090308193518
2018-04-30,Germany,9.63,-3.88,3.2,8.13,12574.68,6.027718241187961,22.190009805412963,44.138229544283966,54.546600021199374,8.939504260685002,25.55124326616527
2018-04-30,India,7.6,4.5,10.25,6.81,5738.32,14.02993805454437,37.84551471363159,63.2399347441224,57.72880207633195,4.934822828226351,23.057120865156886
2018-04-30,UK,9.19,9.27,10.02,8.28,1508.15,5.164157802349128,19.10496759436047,54.04388331908653,128.0774303044297,4.041794004187462,29.24694164505607
2018-05-31,Australia,8.37,-2.61,9.4,7.72,7135.72,7.678030913807849,31.975454187892584,66.01719900087751,106.09415595870739,6.787625364679715,18.977767372493904
2018-05-31,Australia,9.12,3.73,4.2,9.8,22320.72,16.468035408963118,35.05429784539841,49.32187098534534,64.4373026483034,6.4902471562541795,16.514213381714704
2018-05-31,Brazil,7.31,-1.02,4.63,2.2,14463.97,16.24861220658428,34.747693275389175,37.54269118682687,50.96107355234002,9.179441741863215,14.77172161154293
2018-05-31,Canada,7.36,-1.21,7.39,-0.93,16281.13,18.732437846486697,11.694598969887672,63.71306057349804,122.5871238269973,4.253869399798424,23.80719955385473
2018-05-31,France,4.65,-0.8,3.91,3.08,20503.12,17.248481771526677,17.16132777063224,55.028989451468235,123.6334410161566,8.871815740718551,26.491819148842946
2018-05-31,France,3.46,6.72,2.4,0.51,33003.35,6.389852477833499,19.053377638133128,56.918353975794936,52.39977268140555,0.5013834514510603,21.275510864944742
2018-07-31,Brazil,2.27,8.24,4.27,3.96,5246.84,5.4157395522014475,10.420866936292514,43.07004402433407,99.88485012810943,7.07218362713977,21.67270715852883
2018-07-31,Canada,1.01,-1.99,6.43,5.5,9545.58,10.909423148440158,24.05015292025287,50.10028398380932,116.68034278055359,4.080945769863531,19.658126978518755
2018-07-31,France,7.04,3.0,2.11,8.32,15124.87,18.7834820756969,20.222228524792413,55.11851971063277,122.3582678111203,9.30362143352961,14.109223405838797
2018-07-31,UK,0.01,3.5,10.44,-0.6,19311.5,10.401316938691096,34.37414909966857,37.52506121040058,148.70908522846818,2.725272084669009,17.15987656192182
2018-07-31,USA,1.07,9.45,10.25,2.92,22843.58,12.554694954104752,24.066469121856034,54.61751591253796,145.24654512204233,2.8632893047590446,10.26796076337536
2018-08-31,Australia,5.38,-0.57,8.84,7.9,5021.73,17.222683583795398,24.46291008835737,67.73465837179918,119.47893589582362,3.182633017910599,11.032382614366966
2018-08-31,Australia,4.77,1.7,3.18,5.29,1616.71,17.08122467358139,34.74611148964865,52.36189926394054,96.33241198657183,7.012997430939331,19.972113542692455
2018-08-31,Canada,7.9,-3.14,3.05,2.13,1553.41,19.77615546165302,20.114694016353965,46.9548256225669,103.77816145373846,8.783689912295468,15.911645825345515
2018-08-31,France,4.59,1.24,3.64,7.25,18330.25,12.88133544140409,12.783040712970395,46.52235073122223,62.06048038902785,3.576228207280358,21.030310039501877
2018-08-31,Germany,8.97,-0.93,7.07,5.42,22328.16,14.265516737000786,28.622427878637534,66.5965450323184,89.69593099468631,6.237382743889548,22.07025017337685
2018-08-31,India,7.24,2.9,6.29,-0.35,39294.32,15.379455544267694,38.235229643845116,50.601955026773894,115.5851419684695,8.105628279470288,17.73627176091061
2018-08-31,Japan,0.87,3.82,8.88,4.69,12311.14,13.4812787175885,25.809507707090006,59.01842582675458,114.35465010911176,5.978437557121179,17.81454807427948
2018-09-30,UK,7.57,0.89,4.34,5.83,35380.97,9.496438669767622,27.090113706157474,45.02144309559603,114.69171260678893,8.512990450572604,18.36433460626472
2018-10-31,Brazil,2.83,-4.66,5.4,8.06,29102.06,5.752240324015893,30.51254865440154,45.34985552348769,113.40596923480058,8.957206477697802,16.77674012617728
2018-10-31,India,3.0,2.57,2.13,5.59,23379.81,11.831565554561415,32.92867403163739,54.65146492130515,115.50498514019306,8.925428650573693,14.858593679256046
2018-11-30,USA,6.15,0.37,10.82,4.17,16860.29,13.603900912721112,30.115115531321457,32.890869348423394,76.71086577254823,9.889186751691424,21.397572634932796
2018-12-31,France,3.79,1.58,4.28,3.29,33580.91,7.63240721916098,29.333822044527118,36.0604648057224,134.68739858510668,3.403039979661333,21.78788175073402
2018-12-31,France,4.22,2.83,9.03,5.0,15846.9,9.447870353025824,16.55724347681648,57.44681498170681,120.49239170613465,2.42869198642489,24.316102049098994
2018-12-31,UK,2.29,6.79,9.38,7.76,24019.07,7.520510039256065,37.84056041013096,35.201183911785705,84.46712671745769,6.12294167899493,14.396788493953325
2019-01-31,UK,7.16,-2.71,9.54,1.93,27210.19,5.946620158928605,38.12931191018551,37.288550970801,140.03243665848362,5.296667629828742,21.761659620029782
2019-01-31,UK,7.57,2.52,2.31,9.24,9191.14,11.515125376682127,24.153565303895178,51.34085102392389,81.33422178647756,7.699901079097837,20.919849231694144
2019-02-28,France,9.9,2.9,8.13,-0.73,3887.65,10.418291628577805,22.572450095840956,36.382604580130206,147.01375618089514,3.1740335793752332,19.18560220560293
2019-03-31,Australia,7.8,-1.69,3.11,0.02,20996.09,9.91909917505727,16.400810988270816,59.69552627623493,105.39374609299286,7.610861015474249,27.117679987563864
2019-03-31,Australia,7.14,0.39,3.81,6.64,27502.45,12.75607437177501,11.860827331010622,48.88436350494963,129.23513862911568,1.9012887462154362,16.119749747641258
2019-03-31,Japan,7.98,4.57,7.58,7.36,9310.32,10.252157276455833,30.01462372659106,49.676016417094324,69.60033834267921,1.4807776329817544,14.591313785513336
2019-04-30,Brazil,9.99,8.45,9.72,7.07,17791.07,16.205994748007225,25.177096208910612,51.03480693441867,84.74801922103913,7.780721376062209,13.155717840415566
2019-04-30,Japan,7.38,-2.22,11.81,6.7,39179.34,13.169194546065027,25.110320364692036,42.29733824255739,122.9249508527745,4.956146137102326,25.443912041345577
2019-05-31,Australia,0.68,0.23,9.47,2.58,26940.7,8.90113372063532,10.442107538011324,37.19851280128232,124.81769211799376,1.316056415925049,13.9489996219171
2019-05-31,Australia,4.73,9.32,4.37,9.22,24614.69,17.857516760383422,19.05522974089404,46.02063336205583,138.75872608962277,9.115114870906929,21.416726924273444
2019-05-31,France,7.22,8.0,7.66,0.63,27171.16,17.0073732802831,39.59860912839064,55.870048240795214,61.70492647113777,2.2757364603603794,29.24766213059428
2019-05-31,India,7.71,6.93,4.99,10.0,5879.89,18.387523890102443,18.003783414621125,57.41483673010285,55.07689637876406,2.5128322141826365,15.21565209767627
2019-05-31,Japan,4.37,4.07,11.5,4.08,5636.1,5.8963916634170115,34.062706910192695,40.36668047423208,72.69278921189041,5.946697470571491,13.085447024903097
2019-05-31,Japan,4.04,7.89,9.2,-0.94,1447.75,15.942758481233808,33.67612620524959,57.5704690760652,56.979134046669074,9.295065766503287,13.209867269265986
2019-06-30,Brazil,6.23,5.2,2.33,2.74,28333.84,17.486939162223344,16.87851051292239,57.906958509996564,115.48846657468384,6.6423069960313885,16.366302987861943
2019-06-30,France,7.24,-3.47,4.63,5.02,30352.89,5.833271747364402,39.392074406802976,55.72889684631768,146.756586850957,2.925230528588523,28.955853628487986
2019-06-30,India,8.19,7.28,2.73,-0.53,37758.72,15.461186949307354,14.866522295826641,59.806309314672795,132.43501397480856,6.72330783711811,28.47894313922312
2019-07-31,Brazil,9.07,6.53,4.96,9.38,31058.96,10.847956709460643,33.084842917292335,56.23785273128118,54.28905932127503,4.446299559365084,10.907455689224182
2019-07-31,Brazil,6.57,7.89,3.32,9.59,28871.01,17.014987216763018,38.50143747494057,64.41081682256899,77.79252703086783,7.898540105563057,26.85807448863646
2019-07-31,UK,7.32,5.07,6.97,1.32,26023.64,17.219307035917822,20.43668122286828,44.56525905269761,101.85045103414359,5.667861088943364,23.773569160841326
2019-08-31,Brazil,5.3,2.84,3.83,5.96,37709.63,7.931527173067877,32.90675211573718,47.07702305577624,65.44110314325061,6.292584908772439,18.928990778211123
2019-08-31,India,4.97,-2.66,11.82,1.72,25654.22,8.323858907805272,28.470171237775094,61.412564133185384,81.79100649419269,2.498315247221693,23.9991496438876
2019-08-31,USA,4.13,4.45,8.31,4.64,21837.33,12.07409561888144,23.13535208389478,50.360684709456514,76.06585329285409,6.115142069622533,15.634377467675227
2019-08-31,USA,8.01,3.94,3.96,8.06,13754.74,16.465611905079523,16.131098492927492,48.547006126522035,75.8347604253592,6.432708096964562,21.02419366634717
2019-08-31,USA,2.59,0.96,9.39,0.38,11960.49,6.755085593653513,19.856520496878886,43.424087275223016,147.55378915078873,3.5413826251107285,25.31120054545724
2019-09-30,China,4.02,5.87,2.93,1.58,22137.61,5.663319354139883,29.68732691644288,60.243593688747836,78.50367552835168,8.461750378977918,21.585369959739634
2019-09-30,France,9.47,-2.91,10.07,-0.65,3988.8,18.49688745409322,16.90113565843472,60.80300465300422,110.81290690001164,5.406259607125417,11.900543822914395
2019-09-30,Japan,3.72,8.14,6.21,-0.16,31984.94,14.290164167533602,27.136940251622935,32.909530664149315,71.85134248687095,3.678033575920851,18.705420170134314
2019-09-30,USA,1.02,5.06,8.59,8.17,9344.32,10.221943166138498,34.537413160316696,54.88151498501219,137.73917204269225,9.717248640683543,26.34069248842082
2019-10-31,Canada,3.84,-3.17,10.02,0.45,33325.98,19.48084924691775,10.574725081076597,64.3748623976733,117.15039675150447,9.5578786889708,20.965470268172005
2019-10-31,USA,5.73,7.97,10.01,4.99,4831.16,19.37948590608326,30.49795949926523,64.1713623861537,77.04446140161744,3.855728959393895,24.402678116588184
2019-11-30,USA,0.03,7.14,5.4,8.5,28447.9,15.062843518381584,15.169554818950399,51.44474607103708,110.85999321469339,2.6465097294444697,15.164904368700556
2019-12-31,Australia,3.92,3.6,2.69,6.57,1310.61,13.07152953726222,10.65631328217823,65.60603305124766,118.51060422860597,0.9966460957956105,13.326993714935572
2019-12-31,Japan,1.03,7.13,11.84,5.17,8934.02,13.960127954371867,39.33833178516127,49.49908018367148,65.07814828159967,8.510279625437734,21.440206046015923
2019-12-31,UK,5.61,1.0,5.09,-0.97,24443.01,15.251894159430105,31.141552456794493,61.3478673038601,142.91458962847884,7.582565843161956,22.04594940089521
2020-01-31,Canada,4.05,5.96,9.46,0.85,38019.14,19.5709758495028,29.890042033373298,59.68038158120331,112.70493809924207,3.462986373931742,14.48878326589549
2020-01-31,France,4.98,-2.56,3.49,4.26,19792.83,13.689951092957251,10.515908437707285,34.72381025285956,55.05767901740779,8.829383725768833,16.091610312404967
2020-02-29,Japan,2.56,5.4,2.48,4.91,18899.58,17.806494785149148,21.556656481207238,54.0101369700231,90.60238835428234,1.9671033128258144,21.252691922574805
2020-02-29,USA,9.9,2.17,5.8,3.37,11588.45,7.702024907832367,37.33664982063248,47.31862646949864,139.31457206583326,7.246811824046406,20.64918429674149
2020-03-31,France,3.39,7.87,6.34,0.09,15209.82,16.884405921325516,20.052619511329357,49.15147513303858,53.639507288772315,9.250928905040505,19.899342773519102
2020-03-31,Germany,1.55,8.03,6.62,6.49,33887.85,9.621698868037,24.011534180254614,63.99411773160133,65.18050135663502,2.825603630757213,10.611695742649033
2020-04-30,Australia,0.34,3.1,6.7,0.84,35426.64,7.479888794297487,33.53583874915343,61.68478338166912,53.76245643957156,1.1824359850296824,28.491588928224793
2020-04-30,China,0.78,3.95,2.07,4.41,5621.2,6.250562401584849,10.313953403793592,58.54198757856281,90.24210555442616,9.777769620954093,11.425761541504148
2020-04-30,China,8.31,7.28,3.87,5.2,29303.31,19.317379915701565,35.26872692825527,60.98244235590229,52.74595739142669,3.266781081511204,23.726162124651964
2020-04-30,China,0.18,-2.99,7.73,8.32,30390.19,14.417100576427625,28.66683518058958,51.659499890698676,129.97890971346578,7.275690458065932,15.481269413184183
2020-04-30,Germany,4.97,-1.46,4.69,3.39,22969.66,9.24080650707471,25.523666192847088,62.50663646393416,121.26599396785244,1.865892933004823,17.237333818083346
2020-04-30,Germany,1.28,-0.16,2.77,6.34,30124.29,14.755532594715143,20.09511967045769,41.88626284602711,125.94251727389471,1.9862882279119507,20.49081554550962
2020-05-31,USA,1.6,-4.05,10.8,0.22,17042.24,12.008447643728289,15.76792617349436,58.221341105535586,126.57429507020674,8.862166194087997,26.81859215192195
2020-06-30,Brazil,2.7,6.48,11.3,2.89,36356.32,9.97560032469914,20.432228553802002,65.62094705324193,85.45348937093064,6.238972759436135,14.766297992164167
2020-06-30,Brazil,5.94,6.65,6.13,1.42,4027.99,18.528590492209418,20.5477314322802,60.44445791598852,140.0992231521456,9.150768709727275,22.92414863694225
2020-07-31,Canada,8.6,-4.21,5.13,8.09,2950.72,6.492149748735952,15.231960941637755,53.03158463105244,122.89336224346816,3.8317800637369817,25.23872587817205
2020-07-31,Canada,7.09,-0.24,8.51,8.97,9426.34,6.063552666715082,17.28204515896464,46.035976072208015,128.98552103592084,8.624243833644767,18.27148402871467
2020-08-31,Australia,5.97,4.26,7.58,0.13,34591.47,6.3947431644720805,27.61196873789155,30.729428268811965,82.49593738680424,4.939233962680473,28.194413806573237
2020-08-31,Canada,5.81,6.55,4.91,8.26,3665.03,9.86281131180125,21.063454177006285,56.30825157085867,50.001063448999595,0.6813145248297123,12.57270543405652
2020-08-31,Germany,7.58,7.21,9.87,7.87,13201.66,6.975003719769422,39.07791242019436,31.104686845622304,130.2700270342698,7.991726715322221,25.305985142919326
2020-08-31,India,4.62,0.6,7.49,6.56,21268.47,8.102224499817567,11.010244028506074,30.050858921028887,120.4602687998214,8.746108205758034,15.99898340265222
2020-08-31,Japan,1.59,2.88,7.31,5.17,39463.62,16.341410440825165,24.22810007376015,44.13983896161146,60.694384155599266,1.94324390232945,22.1349332262563
2020-08-31,USA,8.23,-2.85,2.23,9.68,21186.26,6.348740284513046,15.248407859019736,41.11513515611318,82.99651154026934,7.339158913440039,23.568195351576026
2020-08-31,USA,3.36,5.98,11.78,6.81,4591.71,14.064335116670165,37.63469395230277,64.79924296451892,74.64750265069043,6.337944048300095,11.09664887760202
2020-09-30,Canada,9.79,-3.54,6.13,-0.15,33103.27,17.35475790881648,10.542057942376264,35.331989484418145,70.98967895061679,2.0413079801874536,19.36985893988
2020-09-30,China,0.75,4.99,3.69,8.65,25656.45,15.934667510099986,21.039196943405813,44.41240683199943,76.49532480566448,6.9929219081951635,16.25661765743981
2020-09-30,UK,1.21,0.7,7.48,8.59,14878.34,18.37210023284831,34.40146986516143,59.37080897820438,142.57863476493387,1.8134483534781454,29.456706285722596
2020-09-30,USA,8.15,5.99,8.36,9.78,25508.93,6.273280229874564,17.96850984892395,58.4042416444958,66.24481203976754,3.0316486242204985,14.07072700763167
2020-09-30,USA,1.35,-3.36,7.86,5.52,20760.23,15.65854652481048,11.924819301646428,67.75350373074748,142.16109704650785,0.7238247033615353,15.245436533323788
2020-09-30,USA,6.37,-1.31,10.45,-0.97,25491.74,10.997101919974323,32.23737389859471,67.91877817270498,131.02158843210321,0.5806501560653412,28.799738878777337
2020-09-30,USA,8.19,-0.83,2.27,3.21,35490.69,11.193160212357782,21.83623728795421,42.2912777664948,124.26621816508938,0.5056669257241424,20.485843591608617
2020-10-31,France,0.9,5.0,8.86,7.08,6544.65,11.232593982562456,10.742944051142091,32.43417768907473,124.31336776364823,7.437891873238958,14.117410405100832
2020-10-31,Germany,5.4,8.89,9.83,4.04,1626.41,18.3578612874596,14.924745311672094,47.43314913917799,120.67112085449384,8.471676011122245,18.174457070215354
2020-10-31,India,1.66,2.4,8.16,6.32,39613.37,17.19188406697191,36.95551170378674,44.150488923712814,84.66630131191256,3.320882559401052,13.752775605071276
2020-10-31,India,3.91,0.44,11.68,5.21,2150.66,14.71872056141882,11.595988023398343,47.33618056702781,58.40334098158769,6.141745842721388,18.773632705741516
2020-10-31,India,5.9,2.49,3.38,9.24,31146.48,8.733858161279874,24.51585203552564,30.949476238470318,52.12512482459238,6.389865830861193,21.521268095819607
2020-10-31,UK,9.11,6.75,5.55,8.0,34314.65,19.931821449859953,34.4060217445423,61.32712956681184,74.22895425215606,8.571305573059881,15.160893005392913
2020-10-31,USA,9.49,6.29,3.65,6.82,22423.08,7.977784273178837,28.394899279101004,42.50198756777336,145.63581386120234,6.766987208113532,21.303109141208274
2020-11-30,Australia,8.48,0.39,7.24,3.24,22321.32,17.172381535397022,12.433570129727944,60.953682445678425,110.7426745441669,5.606728251144093,15.801450516383767
2020-11-30,China,7.88,4.75,2.1,6.38,22527.62,13.674814099185696,28.276614589804023,45.00136575946446,66.31591997229579,1.4675807862603258,13.525353411596656
2020-11-30,China,5.22,2.98,3.45,9.9,29605.98,16.411321288395587,12.209431770787376,63.56754396723175,139.97012445670123,5.70705434761027,24.394445266953117
2020-11-30,France,7.71,3.66,11.91,2.31,9322.34,9.543674976285413,15.015978067615844,38.05345554586239,97.7071968915842,6.9558217729804515,17.629943711036944
2020-11-30,Japan,6.51,3.92,7.09,3.82,29552.78,11.149675314524782,36.119778143854205,56.087490622694816,70.39566904230311,1.5296486067334925,18.2299015624449
2020-12-31,India,5.57,7.69,4.74,3.54,11746.37,13.458427529429375,32.038089649892555,63.720542493583196,96.94067618709386,3.6896392040436248,28.347827009586467
2020-12-31,India,8.61,-4.22,9.8,0.49,25984.79,12.56522216023111,33.38587919848785,59.46163759792144,61.601671387088295,5.6997613093948925,25.266416555480106
2020-12-31,Japan,4.81,1.5,5.22,8.49,10899.02,17.223911953886212,38.71741695229517,48.21341981404563,128.22503644138862,0.6188781977095418,23.20760563479687
2021-02-28,Australia,4.03,9.6,9.23,4.21,30736.83,19.977111835471213,16.26293330663734,59.17866989113848,70.7071996740574,6.656205601992944,25.315502846632292
2021-02-28,Brazil,5.35,6.03,8.76,6.11,39705.25,8.206384983492573,29.978277475441402,44.569047225820306,99.24590409285727,4.816726607397877,25.15746811887307
2021-03-31,Australia,1.14,4.24,4.61,6.42,2796.21,18.37321309520741,34.89449781860622,33.953075444300296,104.32542735940243,7.4655697360468265,22.245396663544145
2021-03-31,Brazil,9.53,9.34,9.87,9.22,29521.34,19.07632244271324,24.407212733241977,53.05818030981257,135.99684578062585,5.749641979902257,21.481620538179286
2021-03-31,China,5.33,-0.49,8.87,6.43,20246.54,19.726751379423973,13.529715115537677,58.55907531737627,97.16959729089278,6.710749398851482,23.710649165821536
2021-03-31,India,3.98,-1.17,3.12,4.26,28136.1,6.527011875812415,12.89431187654092,57.345305734829154,123.59757909613313,5.7316647411947335,27.070903876234734
2021-03-31,Japan,7.21,0.95,9.42,-0.7,4707.07,7.0658386013433025,30.317824195899227,55.06291760642117,68.47406126209421,7.143611970527223,13.337224328604506
2021-04-30,Brazil,8.4,1.08,9.58,4.97,35666.61,19.395643586378895,23.114870412220405,37.238161909658515,77.00139842966463,8.316737118958024,13.47705204282459
2021-04-30,Canada,2.72,3.35,9.87,1.66,17784.62,17.74762268124094,11.977015623492468,60.88810892932479,86.87810697443874,6.453187126749667,21.224540483270097
2021-04-30,India,2.54,-3.57,3.52,3.23,12532.09,8.022234751880806,26.53117848487263,33.96780363925808,135.96116855184633,2.213285905657046,16.883018371215783
2021-05-31,Australia,6.25,5.58,9.59,8.26,8821.85,18.63164366725076,19.619343533531833,40.71032366167976,102.55166446823162,6.3959437198834515,13.871006876628773
2021-05-31,Brazil,8.52,3.71,5.2,9.37,36535.56,19.628691280035326,21.029156000571177,68.77510781349798,103.56042475356733,2.4044347767630034,14.825462298092313
2021-05-31,Brazil,4.74,9.29,10.74,1.93,32563.65,9.626351897610004,39.380887095366084,30.203471582372664,108.09220646084478,7.870237698893823,17.99954196848817
2021-05-31,Canada,2.64,4.92,5.73,6.8,28631.1,12.741604794541239,36.31887319171065,30.785306089736707,108.35381917878571,1.4107277578695618,17.040601051609066
2021-06-30,Australia,2.1,-1.2,2.03,6.42,20911.91,13.886738948290505,25.132743374930335,42.8661157511294,70.6880909953374,5.6927088422301555,29.761049638620722
2021-06-30,China,3.12,-1.51,4.26,5.64,23703.61,17.176889680346495,23.054412505128262,52.73681273026617,87.78622628166691,8.673741529415484,20.912942854955094
2021-07-31,France,5.98,3.45,11.04,7.3,17754.24,15.919015412413756,19.83767744566746,67.07153069712102,106.1579537995031,2.8862575405654756,28.185489097815942
2021-07-31,India,4.08,3.69,8.12,5.49,8973.97,8.501558888603897,35.761070284060004,38.38580053279779,89.63590653012378,8.911247285479112,24.700075980955095
2021-08-31,France,1.93,2.19,10.82,5.96,14005.04,8.466262936963433,36.6479156748843,64.10001101441375,109.32266834342832,2.757597961033759,25.21749736635906
2021-08-31,India,0.58,7.38,2.0,6.97,31667.95,8.635745955556173,19.189936863685787,49.323401603031186,138.22920671704804,5.475773920668373,22.472386622161753
2021-08-31,India,4.54,9.46,4.68,5.82,27480.16,16.9051396124802,29.568606856938125,33.193464400752795,62.018357550972354,9.80821901475877,16.37356162162223
2021-09-30,France,2.26,-4.36,8.94,4.93,20979.11,6.453642510757103,34.45947142086751,34.94828488453446,116.97980084495958,5.954379083673862,11.766515562294517
2021-10-31,Brazil,6.43,0.35,10.33,0.11,3391.91,13.963477829646132,29.239876310045794,33.4249743848343,50.15484241536628,4.338001763396029,17.735062181954937
2021-10-31,Japan,5.16,6.06,5.37,6.44,12368.33,5.333091744919719,31.628949464926926,66.65576198661341,88.12129311075228,4.66691699729245,25.92182275597529
2021-10-31,USA,0.53,4.7,2.98,0.11,6613.73,16.467577278123862,35.50818283057553,68.72651740231737,76.1835651640943,4.623527608736928,19.302185343627734
2021-11-30,Canada,9.75,-1.63,3.38,1.3,30603.69,16.809267077340053,15.094492456444595,35.878041855309064,80.93392491378873,7.178492378544435,21.20037220849752
2021-11-30,France,5.71,-1.35,11.18,1.96,17672.33,14.860149870521028,16.615404036792185,52.74655459369242,65.52401140418101,4.975156106793332,15.667026198574526
2021-12-31,Canada,4.6,0.71,11.09,4.41,13044.54,16.77735013400916,20.533753150925826,61.33076602782694,139.8524539712423,1.090716107959143,13.1983968199825
2021-12-31,Canada,2.3,-0.54,8.35,8.67,34655.92,7.4648949580149235,17.06225331065359,45.322312507801925,97.90327317843297,5.234498295034758,24.779441121063144
2021-12-31,France,8.54,3.47,10.39,1.46,17032.65,12.02561809190398,32.610122341721066,53.30467396057995,128.1732520628561,7.1027337957312,24.71532024394521
2021-12-31,Japan,8.83,-4.7,11.73,0.43,39518.72,14.854263731211702,32.46674666222138,56.73073534751274,121.21720396047063,3.6646451197216443,15.286113377549142
2021-12-31,Japan,3.77,-2.88,8.55,5.37,21140.55,18.204611812787707,39.97736765218484,32.64195128402438,61.68798372444027,7.664437722855326,16.68378046428733
2021-12-31,UK,0.44,7.34,5.46,9.69,17054.56,14.762490225019464,30.265263346067663,54.14956458363835,68.70863314289633,8.811809030143987,27.91659109321379
2022-01-31,Brazil,0.92,-0.47,5.56,0.6,18862.87,8.651392101326717,39.73755475747717,38.25942758578819,56.035024230502415,4.1354796703362275,17.23053302307937
2022-01-31,China,8.4,9.36,5.6,0.1,32427.94,16.74522504803283,36.88699448307085,41.818992360535646,82.60376391371081,6.407800849125626,11.484896537339166
2022-01-31,India,6.23,0.64,6.81,4.13,4803.06,10.440379627464841,23.223509592310414,34.56375509106647,146.36646487009915,2.2052956423783834,19.965992297486228
2022-02-28,Australia,4.18,7.24,9.92,2.08,8973.18,14.10676097546792,39.64700968983986,34.00158383175536,71.49155724634048,6.442728421895876,15.516548758943518
2022-02-28,China,4.27,3.82,5.17,0.27,36187.22,17.44582072996825,20.21742916990096,68.45426071571893,91.73120724027439,6.683353594895681,11.09415012054841
2022-03-31,China,9.82,-4.12,5.44,8.54,31119.74,14.50380351112727,24.756788480141047,55.698603165019975,138.60652221873866,5.073375802812215,20.80912389557686
2022-03-31,France,4.32,-1.65,4.16,4.98,18401.85,7.566974257597409,13.849590661693018,37.20600590000123,105.4843100219037,0.9691912124321986,13.047368926370481
2022-03-31,India,8.07,4.64,6.72,2.98,32542.81,19.29887023472164,19.743342975033926,32.78749208465864,119.51903738715626,2.3525013814472557,29.248222005782466
2022-03-31,India,7.9,2.51,4.83,8.84,25376.14,15.316838866171434,15.755612136175058,57.34104532079444,92.7478016775446,7.390448313829002,25.40370946730102
2022-03-31,Japan,0.55,5.05,6.94,4.81,39299.93,15.68819676004691,39.85285507750673,39.31973693346582,54.94369484529646,8.531836638494363,14.299326544052679
2022-03-31,USA,4.84,4.76,8.98,5.59,16102.25,7.099051873156995,33.14681963412781,59.15276970683911,89.02018651380376,9.33946052493801,22.534091024699578
2022-03-31,USA,3.21,-1.69,9.3,4.21,5618.19,6.117810172164724,32.31782766347406,63.03499795794377,125.68856246491742,3.101767343161176,28.33425638031789
2022-04-30,Australia,4.8,8.59,9.49,0.24,37095.37,19.082945978657644,33.817720635310934,55.905949884971236,57.356828118034585,6.473007787410349,15.978983625568667
2022-04-30,China,6.45,3.71,9.25,1.21,5531.45,9.67430387567629,35.92158329016526,56.21222969925699,138.58863265523792,4.254857873013561,29.79685605667713
2022-04-30,Germany,6.91,3.14,2.45,4.02,13345.44,11.42622567040565,32.077184072352935,69.28490537063249,106.39217732308809,2.056665613717448,11.48776300431398
2022-04-30,Japan,1.03,3.81,5.99,5.66,9842.37,10.819256988064087,17.005035257200806,36.15929630075242,79.85248583952128,4.580371885297758,21.88200035493275
2022-06-30,Brazil,3.34,-3.24,7.25,5.98,35075.19,9.498073649261844,11.67278022144562,49.9305942790879,136.35871841041993,6.742691847002161,19.572728640556548
2022-06-30,USA,7.71,4.25,5.88,1.4,14846.6,12.342314561891353,38.80715074392157,33.3832224627029,65.03047169095933,3.787909820140512,10.692538952889732
2022-07-31,Australia,8.95,-2.15,10.2,9.24,32916.41,10.721284602004701,19.924178704594723,69.69674451089736,131.73505783213903,1.0661039567047217,24.011314301645367
2022-07-31,China,9.03,0.92,3.56,2.28,7349.79,13.803452028945834,19.758255616525176,42.1147911987283,103.65507747856864,9.240288955491362,28.913655758867435
2022-07-31,USA,9.44,1.73,5.11,-0.51,33166.73,8.397873403874934,12.430636509876399,57.93945011025717,74.47939651311104,0.9723308928408865,27.721699781811516
2022-07-31,USA,2.2,4.6,4.17,0.09,17221.81,9.304506396556302,17.543234294574095,43.01685579926222,112.0869470021479,3.6802042491905675,10.967432015399599
2022-08-31,China,6.33,-1.34,5.71,1.59,7201.98,15.310822951730723,21.296456037194854,54.04415365742161,142.85817603935456,4.4250120718011186,14.795049604722184
2022-08-31,France,0.05,1.34,11.8,5.21,13988.36,16.399101317834532,36.67020282337323,43.198140700846935,95.25209113660962,8.547910440635595,19.506156707048156
2022-08-31,India,0.23,8.44,2.36,4.09,33346.27,14.565532773428751,37.695034904618396,38.555438551761675,69.18011600309028,9.097031978159428,28.550218812679404
2022-08-31,India,6.5,-3.66,3.91,9.94,31458.84,9.235546560689393,19.231373866101986,40.43528554756944,146.84671498975385,2.855394035715881,27.056276059922467
2022-08-31,India,1.54,0.81,6.29,6.98,34987.27,6.297005902347639,21.88964939917149,68.9246108267796,107.92978899855781,3.316997308799541,16.084352699877222
2022-08-31,UK,8.85,7.35,11.67,2.76,13684.9,7.805424669574965,19.981597290343764,59.200901007796574,114.74271515524332,8.620976777400923,27.651859059454715
2022-08-31,UK,7.76,7.38,8.04,9.94,16778.18,6.181714489741571,10.769034830659493,41.72068446906197,142.61465189966506,3.787954065001539,26.781622937607455
2022-09-30,France,4.27,1.37,6.04,3.39,8402.8,17.38387080642744,26.304712632475198,62.507559728712344,78.11059354940454,0.7032901223912182,15.917692881747708
2022-09-30,India,2.53,1.14,11.97,-0.53,15515.82,5.845097757956009,25.96391241672536,43.449201019623416,127.08254338816884,8.130783925670322,14.705976510673057
2022-09-30,India,2.45,2.6,4.54,8.52,2365.31,17.203801966405617,11.181751388789507,47.7022912013779,126.93218318962364,5.0977764566872965,10.421523372544645
2022-10-31,India,3.96,4.78,9.89,7.37,16916.64,19.407778188768454,32.0945317106595,59.933274715343146,136.7408170422923,3.07966111365317,20.465603877798895
2022-10-31,Japan,4.81,7.54,9.53,-0.07,29047.24,13.313614916675515,13.357298116823154,65.35152493071755,53.723938800182204,1.2941898009415622,26.229293350980956
2022-10-31,Japan,1.02,0.8,8.99,7.13,18908.38,15.776343764217602,32.89326021689385,61.00557841534011,136.60190849442446,2.040908197582091,16.761383374437987
2022-11-30,France,4.57,0.68,9.99,0.43,36549.33,18.45598539609381,26.999047397029052,63.94107525889056,55.6285442218078,4.645850123318471,15.027417757039313
2022-11-30,Germany,1.4,-1.17,7.2,8.09,31448.54,7.569422630777009,39.69136073882443,49.562016883312126,119.10882874876152,4.6345091884563825,13.8858190607431
2023-01-31,Germany,1.46,9.14,6.73,4.04,35092.66,5.043647660075978,35.31344096566416,30.440635092368325,128.19244848457706,7.676255860024005,18.83721060063876
2023-01-31,UK,1.03,1.08,9.28,7.89,13727.2,9.796355453416087,32.266170422631916,40.27290866107554,97.45290275820906,6.295866190989751,23.629496497994428
2023-02-28,Australia,0.18,-2.69,10.66,7.6,33233.04,19.092065281967976,32.5293041902066,32.284330249011866,78.14571899658571,1.9620543253915088,11.150287071692347
2023-02-28,Canada,1.04,9.21,11.42,7.98,38715.05,14.07495980607263,30.189351771856053,57.592916824456,64.41893976461186,8.828675338331992,18.91570197243177
2023-02-28,Japan,7.43,1.64,6.52,4.79,16038.93,17.619864498052422,28.47929185024214,62.52731441906096,94.00147786644973,9.87614163900726,16.99627576473833
2023-02-28,USA,2.97,-2.75,7.45,2.22,22982.74,8.48130945242059,13.688042235003234,63.85091755807133,81.05168454292499,2.510968072078732,14.7190980970523
2023-03-31,Australia,6.47,3.24,10.53,1.64,8289.66,12.968023186958849,14.841588949097147,42.3507885281187,52.49201240897491,7.4412165415037705,23.052828624414225
2023-04-30,Australia,8.46,8.17,4.26,5.04,32104.35,12.1938295089365,16.715191263136326,39.84736794629965,94.92788991892921,7.41573748188572,28.545978949840624
2023-04-30,China,8.42,8.52,10.53,7.2,5850.93,6.8941566311963225,19.71181200388304,30.11720492653913,90.92298268893892,2.0494057675389383,14.456256511027679
2023-04-30,China,2.04,2.22,10.38,7.55,17174.7,9.291295266862589,29.186587921055427,56.19616985636195,117.93117291484361,9.306223767392234,21.229205817688566
2023-04-30,France,8.38,6.53,9.67,0.82,32337.21,9.652271007341,28.45344507767078,67.15382384981811,137.52409933477463,3.453904743995833,12.751747269357237
2023-04-30,India,4.22,-2.51,10.28,8.02,3812.33,18.320454220793554,38.942099091130046,43.39412384777212,140.93054324098887,6.174009367982685,27.18199627709774
2023-04-30,Japan,9.85,3.77,2.29,2.45,10859.73,6.561456010446536,25.9984601625914,55.33343568735883,112.50929665989653,5.308412200934422,25.540461797628712
2023-04-30,UK,6.3,1.02,10.97,6.94,35712.22,11.95389575015142,24.895877470620015,41.90915602023744,67.36308480375622,1.2903532219853477,18.980732919707012
2023-05-31,Australia,2.36,2.27,7.5,8.68,13090.0,13.633891342012035,30.92859189213877,62.34619428447387,102.44615116088487,8.933851147523942,13.610456498742568
2023-05-31,Brazil,4.81,9.65,11.47,-0.51,39624.11,9.866988009915389,16.592152553243736,32.88309683453888,131.28732796236997,1.3006558301954358,13.387361880275074
2023-05-31,Brazil,2.94,6.86,4.52,2.04,13774.53,7.355070733134921,25.250023813092778,60.66952599740833,75.01640695735296,6.853331796350274,22.224886603872815
2023-05-31,Canada,9.33,2.73,3.41,5.35,25597.32,17.625215220761596,21.50542409862088,60.052586675518555,96.54713669734524,3.9284602059906812,16.768323394346286
2023-05-31,Canada,2.16,0.5,7.2,1.99,4287.75,5.375217366737291,15.904971275350084,56.46125975573965,55.06225737123308,7.598217088530568,25.132127111548904
2023-05-31,China,0.01,-0.15,2.33,6.07,28168.46,19.46868529870463,29.534791433864807,33.834128257325006,85.50610201915512,8.120121791211691,26.83007589733233
2023-05-31,Germany,0.44,0.0,9.4,8.98,4008.66,13.472732985189126,36.50839282283144,49.892246097493626,112.43348504093511,4.62024186984151,24.44296475062709
2023-05-31,Japan,9.58,8.71,4.76,5.51,3764.77,15.313527500578816,32.05961228676326,30.144269903687505,58.35542061735046,5.863041944979116,14.071243383858613
2023-06-30,Germany,6.03,8.26,3.94,4.63,29343.22,11.01711268325391,34.30640091878786,37.724107920293555,61.670476809238394,2.335741781523142,16.79760337686625
2023-06-30,UK,3.49,0.93,4.58,0.89,39000.52,7.506699430275251,27.249706780238252,30.74148776883518,119.63531615210978,1.1510359895302027,20.8750334895008
2023-06-30,UK,7.22,4.21,8.76,9.44,9654.12,16.24114546530165,24.72939339077117,62.17635870770216,61.636036395215925,4.009731706351834,10.085349747191717
2023-07-31,Australia,1.96,4.78,2.94,3.95,24158.3,7.7337991924144855,25.993584756548103,68.75584980529783,100.971661419486,4.452539053395741,15.25052364125415
2023-07-31,France,5.06,-0.32,7.77,5.37,2279.58,16.934800880276846,34.1371411112895,67.21889383921015,127.63043497027054,5.235996275148454,11.668936772617952
2023-07-31,France,3.84,4.57,6.29,5.95,29866.29,17.36054209905643,15.720743445799613,67.91652125795812,129.1469684043051,8.956301946747894,19.56788098199589
2023-07-31,Japan,5.3,-1.27,9.89,8.86,17062.72,17.57155395212392,23.412479603682783,34.8998746151685,85.0210890426875,0.6965322931601983,16.363007115521086
2023-08-31,China,3.15,-2.47,11.23,9.11,35294.3,7.930878633347584,16.136645983907297,36.1939290722278,129.33166539560503,1.14747009791094,17.768770403703556
2023-08-31,Germany,5.15,-2.39,7.5,3.45,2272.1,16.530907331654753,16.040199947407363,45.9406240515853,107.57873401643181,6.5932714126941585,19.60755800289856
2023-08-31,Japan,5.72,7.0,6.18,9.31,18554.54,8.223105531589763,12.712959889411021,35.1007739897181,97.4619587790186,6.75376586986261,26.398572284144596
2023-08-31,Japan,5.71,-3.85,4.69,8.5,5968.07,11.489778492871173,29.041310631177257,40.832968745274,55.55546102277241,9.818669571385675,14.869368019679621
2023-08-31,UK,4.82,8.95,10.91,8.87,21731.52,7.660033777731341,26.116494518433793,35.35161024368445,147.77844997090813,7.2509614520091334,19.799360333519463
2023-09-30,USA,7.32,0.61,9.36,4.58,38924.38,9.784286594759894,15.795250991309477,31.504487531436975,97.4087106762557,3.198770688404551,12.849628486345834
2023-10-31,Germany,8.04,-2.23,2.89,8.04,39107.07,6.888770170241745,34.37019738344998,56.12693625244766,66.42539406321632,2.88532644103234,19.694978385380722
2023-11-30,Australia,9.23,6.16,6.78,9.49,21072.66,16.30442332709597,32.756208404628005,65.18912559230276,115.36669982191705,6.420613047537573,15.41183944900681
